<map id="32"><name>tragic triangle</name><initialCredits>300</initialCredits><perBaseCredits>100</perBaseCredits><width>25</width><height>25</height><maxPlayers>3</maxPlayers><url>http://weewar.com/map/32</url><thumbnail>http://weewar.com/images/maps/boardThumb_32_ir1.png</thumbnail><preview>http://weewar.com/images/maps/preview_32_ir1.png</preview><revision>3</revision><creator>alex</creator><creatorProfile>http://weewar.com/user/alex</creatorProfile><terrains><terrain x="0" y="15" startUnitOwner="0" type="Water" /><terrain x="0" y="17" startUnitOwner="0" type="Woods" /><terrain x="0" y="18" startUnitOwner="0" type="Water" /><terrain x="0" y="19" startUnitOwner="0" type="Water" /><terrain x="1" y="14" startUnitOwner="0" type="Water" /><terrain x="1" y="15" startUnitOwner="0" type="Water" /><terrain x="1" y="16" startUnitOwner="0" type="Water" /><terrain x="1" y="17" startUnitOwner="0" type="Woods" /><terrain x="1" y="18" startUnitOwner="0" type="Woods" /><terrain x="1" y="19" startUnitOwner="0" type="Swamp" /><terrain x="1" y="20" startUnitOwner="0" type="Water" /><terrain x="1" y="21" startUnitOwner="0" type="Water" /><terrain x="2" y="13" startUnitOwner="0" type="Water" /><terrain x="2" y="14" startUnitOwner="0" type="Water" /><terrain x="2" y="15" startUnitOwner="0" type="Water" /><terrain x="2" y="16" startUnitOwner="0" type="Woods" /><terrain x="2" y="17" startUnitOwner="0" type="Woods" /><terrain x="2" y="18" startUnitOwner="0" type="Woods" /><terrain x="2" y="19" startUnitOwner="0" type="Swamp" /><terrain x="2" y="20" startUnitOwner="0" type="Water" /><terrain x="2" y="21" startUnitOwner="0" type="Water" /><terrain x="3" y="9" startUnitOwner="0" type="Water" /><terrain x="3" y="12" startUnitOwner="0" type="Water" /><terrain x="3" y="13" startUnitOwner="0" type="Woods" /><terrain x="3" y="14" startUnitOwner="0" type="Plains" /><terrain x="3" y="15" startUnitOwner="0" type="Woods" /><terrain x="3" y="16" startUnitOwner="0" type="Plains" /><terrain x="3" y="17" startUnitOwner="0" type="Plains" /><terrain x="3" y="18" startUnitOwner="0" type="Plains" /><terrain x="3" y="19" startUnitOwner="0" type="Desert" /><terrain x="3" y="20" startUnitOwner="0" type="Swamp" /><terrain x="3" y="21" startUnitOwner="0" type="Woods" /><terrain x="4" y="7" startUnitOwner="0" type="Water" /><terrain x="4" y="8" startUnitOwner="0" type="Water" /><terrain x="4" y="9" startUnitOwner="0" type="Swamp" /><terrain x="4" y="10" startUnitOwner="0" type="Water" /><terrain x="4" y="11" startUnitOwner="0" type="Water" /><terrain x="4" y="12" startUnitOwner="0" type="Water" /><terrain x="4" y="13" startUnitOwner="0" type="Woods" /><terrain x="4" y="14" startUnitOwner="0" type="Woods" /><terrain x="4" y="15" startUnitOwner="0" type="Woods" /><terrain x="4" y="16" startUnitOwner="0" type="Plains" /><terrain x="4" y="17" startUnitOwner="0" type="Plains" /><terrain x="4" y="18" startUnitOwner="0" type="Plains" /><terrain x="4" y="19" startUnitOwner="0" type="Desert" /><terrain x="4" y="20" startUnitOwner="0" type="Woods" /><terrain x="4" y="21" startUnitOwner="0" type="Woods" /><terrain x="4" y="22" startUnitOwner="0" type="Base" /><terrain x="5" y="7" startUnitOwner="0" type="Water" /><terrain x="5" y="8" startUnitOwner="0" type="Water" /><terrain x="5" y="9" startUnitOwner="0" type="Mountains" /><terrain x="5" y="10" startUnitOwner="0" type="Swamp" /><terrain x="5" y="11" startUnitOwner="0" type="Water" /><terrain x="5" y="12" startUnitOwner="0" type="Water" /><terrain x="5" y="13" startUnitOwner="0" type="Plains" /><terrain x="5" y="14" startUnitOwner="0" type="Woods" /><terrain x="5" y="15" startUnitOwner="0" type="Plains" /><terrain x="5" y="16" startUnitOwner="0" type="Plains" /><terrain x="5" y="17" startUnitOwner="0" type="Plains" /><terrain x="5" y="18" startUnitOwner="0" type="Desert" /><terrain x="5" y="19" startUnitOwner="0" type="Plains" /><terrain x="5" y="20" startUnitOwner="0" type="Woods" /><terrain x="5" y="21" startUnitOwner="0" type="Woods" /><terrain x="5" y="22" startUnitOwner="0" type="Woods" /><terrain x="5" y="23" startUnitOwner="0" type="Water" /><terrain x="6" y="5" startUnitOwner="0" type="Woods" /><terrain x="6" y="6" startUnitOwner="0" type="Swamp" /><terrain x="6" y="7" startUnitOwner="0" type="Swamp" /><terrain x="6" y="8" startUnitOwner="0" type="Mountains" /><terrain x="6" y="9" startUnitOwner="0" type="Mountains" /><terrain x="6" y="10" startUnitOwner="0" type="Desert" /><terrain x="6" y="11" startUnitOwner="0" type="Plains" /><terrain x="6" y="12" startUnitOwner="0" type="Plains" /><terrain x="6" y="13" startUnitOwner="0" type="Plains" /><terrain x="6" y="14" startUnitOwner="0" type="Plains" /><terrain x="6" y="15" startUnitOwner="0" type="Plains" /><terrain x="6" y="16" startUnitOwner="0" type="Plains" /><terrain x="6" y="17" startUnitOwner="0" startFaction="2" type="Base" /><terrain x="6" y="18" startUnitOwner="0" type="Desert" /><terrain x="6" y="19" startUnitOwner="0" type="Plains" /><terrain x="6" y="20" startUnitOwner="0" type="Plains" /><terrain x="6" y="21" startUnitOwner="0" type="Woods" /><terrain x="6" y="22" startUnitOwner="0" type="Water" /><terrain x="6" y="23" startUnitOwner="0" type="Water" /><terrain x="7" y="4" startUnitOwner="0" type="Water" /><terrain x="7" y="5" startUnitOwner="0" type="Woods" /><terrain x="7" y="6" startUnitOwner="0" type="Woods" /><terrain x="7" y="7" startUnitOwner="0" type="Woods" /><terrain x="7" y="8" startUnitOwner="0" type="Swamp" /><terrain x="7" y="9" startUnitOwner="0" type="Mountains" /><terrain x="7" y="10" startUnitOwner="0" type="Desert" /><terrain x="7" y="11" startUnitOwner="0" type="Mountains" /><terrain x="7" y="12" startUnitOwner="0" type="Plains" /><terrain x="7" y="13" startUnitOwner="0" type="Plains" /><terrain x="7" y="14" startUnitOwner="0" type="Plains" /><terrain x="7" y="15" startUnitOwner="0" type="Plains" /><terrain x="7" y="16" startUnitOwner="0" type="Plains" /><terrain x="7" y="17" startUnit="Raider" startUnitOwner="2" type="Desert" /><terrain x="7" y="18" startUnitOwner="0" type="Desert" /><terrain x="7" y="19" startUnitOwner="0" type="Plains" /><terrain x="7" y="20" startUnitOwner="0" type="Plains" /><terrain x="7" y="21" startUnitOwner="0" type="Woods" /><terrain x="7" y="22" startUnitOwner="0" type="Woods" /><terrain x="7" y="23" startUnitOwner="0" type="Water" /><terrain x="8" y="3" startUnitOwner="0" type="Woods" /><terrain x="8" y="4" startUnitOwner="0" type="Woods" /><terrain x="8" y="5" startUnitOwner="0" type="Woods" /><terrain x="8" y="6" startUnitOwner="0" type="Water" /><terrain x="8" y="7" startUnitOwner="0" type="Plains" /><terrain x="8" y="8" startUnitOwner="0" type="Plains" /><terrain x="8" y="9" startUnitOwner="0" type="Plains" /><terrain x="8" y="10" startUnit="Trooper" startUnitOwner="0" type="Mountains" /><terrain x="8" y="11" startUnitOwner="0" type="Desert" /><terrain x="8" y="12" startUnitOwner="0" type="Plains" /><terrain x="8" y="13" startUnitOwner="0" type="Plains" /><terrain x="8" y="14" startUnitOwner="0" type="Plains" /><terrain x="8" y="15" startUnitOwner="0" type="Plains" /><terrain x="8" y="16" startUnitOwner="0" type="Plains" /><terrain x="8" y="17" startUnitOwner="0" type="Desert" /><terrain x="8" y="18" startUnitOwner="0" type="Plains" /><terrain x="8" y="19" startUnitOwner="0" type="Plains" /><terrain x="8" y="20" startUnitOwner="0" type="Woods" /><terrain x="8" y="21" startUnitOwner="0" type="Woods" /><terrain x="8" y="22" startUnitOwner="0" type="Woods" /><terrain x="8" y="23" startUnitOwner="0" type="Woods" /><terrain x="9" y="2" startUnitOwner="0" type="Water" /><terrain x="9" y="3" startUnitOwner="0" type="Water" /><terrain x="9" y="4" startUnitOwner="0" type="Woods" /><terrain x="9" y="5" startUnitOwner="0" type="Woods" /><terrain x="9" y="6" startUnitOwner="0" type="Water" /><terrain x="9" y="7" startUnitOwner="0" type="Plains" /><terrain x="9" y="8" startUnitOwner="0" type="Plains" /><terrain x="9" y="9" startUnitOwner="0" type="Plains" /><terrain x="9" y="10" startUnitOwner="0" type="Plains" /><terrain x="9" y="11" startUnitOwner="0" type="Plains" /><terrain x="9" y="12" startUnitOwner="0" type="Mountains" /><terrain x="9" y="13" startUnitOwner="0" type="Plains" /><terrain x="9" y="14" startUnitOwner="0" type="Plains" /><terrain x="9" y="15" startUnitOwner="0" type="Plains" /><terrain x="9" y="16" startUnitOwner="0" type="Plains" /><terrain x="9" y="17" startUnitOwner="0" type="Desert" /><terrain x="9" y="18" startUnitOwner="0" type="Plains" /><terrain x="9" y="19" startUnitOwner="0" type="Plains" /><terrain x="9" y="20" startUnitOwner="0" type="Plains" /><terrain x="9" y="21" startUnitOwner="0" type="Woods" /><terrain x="9" y="22" startUnitOwner="0" type="Woods" /><terrain x="9" y="23" startUnitOwner="0" type="Woods" /><terrain x="10" y="1" startUnitOwner="0" type="Woods" /><terrain x="10" y="2" startUnitOwner="0" type="Base" /><terrain x="10" y="3" startUnitOwner="0" type="Woods" /><terrain x="10" y="4" startUnitOwner="0" type="Woods" /><terrain x="10" y="5" startUnitOwner="0" type="Woods" /><terrain x="10" y="6" startUnitOwner="0" type="Woods" /><terrain x="10" y="7" startUnitOwner="0" type="Plains" /><terrain x="10" y="8" startUnitOwner="0" type="Plains" /><terrain x="10" y="9" startUnitOwner="0" type="Plains" /><terrain x="10" y="10" startUnitOwner="0" type="Plains" /><terrain x="10" y="11" startUnitOwner="0" type="Plains" /><terrain x="10" y="12" startUnitOwner="0" type="Desert" /><terrain x="10" y="13" startUnitOwner="0" type="Mountains" /><terrain x="10" y="14" startUnitOwner="0" type="Plains" /><terrain x="10" y="15" startUnitOwner="0" type="Mountains" /><terrain x="10" y="16" startUnitOwner="0" type="Plains" /><terrain x="10" y="17" startUnitOwner="0" type="Desert" /><terrain x="10" y="18" startUnitOwner="0" type="Plains" /><terrain x="10" y="19" startUnitOwner="0" type="Plains" /><terrain x="10" y="20" startUnitOwner="0" type="Plains" /><terrain x="10" y="21" startUnitOwner="0" type="Plains" /><terrain x="10" y="22" startUnitOwner="0" type="Woods" /><terrain x="10" y="23" startUnitOwner="0" type="Water" /><terrain x="10" y="24" startUnitOwner="0" type="Water" /><terrain x="11" y="0" startUnitOwner="0" type="Water" /><terrain x="11" y="1" startUnitOwner="0" type="Woods" /><terrain x="11" y="2" startUnitOwner="0" type="Woods" /><terrain x="11" y="3" startUnitOwner="0" type="Woods" /><terrain x="11" y="4" startUnitOwner="0" type="Woods" /><terrain x="11" y="5" startUnitOwner="0" type="Plains" /><terrain x="11" y="6" startUnitOwner="0" type="Plains" /><terrain x="11" y="7" startUnitOwner="0" type="Plains" /><terrain x="11" y="8" startUnitOwner="0" type="Plains" /><terrain x="11" y="9" startUnitOwner="0" type="Plains" /><terrain x="11" y="10" startUnitOwner="0" type="Plains" /><terrain x="11" y="11" startUnitOwner="0" type="Mountains" /><terrain x="11" y="12" startUnitOwner="0" type="Desert" /><terrain x="11" y="13" startUnitOwner="0" type="Mountains" /><terrain x="11" y="14" startUnitOwner="0" type="Desert" /><terrain x="11" y="15" startUnitOwner="0" type="Plains" /><terrain x="11" y="16" startUnitOwner="0" type="Mountains" /><terrain x="11" y="17" startUnitOwner="0" type="Desert" /><terrain x="11" y="18" startUnitOwner="0" type="Plains" /><terrain x="11" y="19" startUnitOwner="0" type="Plains" /><terrain x="11" y="20" startUnitOwner="0" type="Plains" /><terrain x="11" y="21" startUnitOwner="0" type="Woods" /><terrain x="11" y="22" startUnitOwner="0" type="Woods" /><terrain x="11" y="23" startUnitOwner="0" type="Mountains" /><terrain x="11" y="24" startUnitOwner="0" type="Water" /><terrain x="12" y="0" startUnitOwner="0" type="Water" /><terrain x="12" y="1" startUnitOwner="0" type="Swamp" /><terrain x="12" y="2" startUnitOwner="0" type="Woods" /><terrain x="12" y="3" startUnitOwner="0" type="Desert" /><terrain x="12" y="4" startUnitOwner="0" type="Plains" /><terrain x="12" y="5" startUnitOwner="0" type="Desert" /><terrain x="12" y="6" startUnitOwner="0" type="Plains" /><terrain x="12" y="7" startUnitOwner="0" type="Plains" /><terrain x="12" y="8" startUnitOwner="0" type="Plains" /><terrain x="12" y="9" startUnitOwner="0" type="Plains" /><terrain x="12" y="10" startUnitOwner="0" type="Mountains" /><terrain x="12" y="11" startUnitOwner="0" type="Plains" /><terrain x="12" y="12" startUnitOwner="0" type="Desert" /><terrain x="12" y="13" startUnitOwner="0" type="Base" /><terrain x="12" y="14" startUnitOwner="0" type="Desert" /><terrain x="12" y="15" startUnitOwner="0" type="Desert" /><terrain x="12" y="16" startUnitOwner="0" type="Desert" /><terrain x="12" y="17" startUnitOwner="0" type="Desert" /><terrain x="12" y="18" startUnitOwner="0" type="Plains" /><terrain x="12" y="19" startUnitOwner="0" type="Desert" /><terrain x="12" y="20" startUnitOwner="0" type="Plains" /><terrain x="12" y="21" startUnit="Trooper" startUnitOwner="2" type="Mountains" /><terrain x="12" y="22" startUnitOwner="0" type="Swamp" /><terrain x="12" y="23" startUnitOwner="0" type="Swamp" /><terrain x="12" y="24" startUnitOwner="0" type="Swamp" /><terrain x="13" y="0" startUnitOwner="0" type="Water" /><terrain x="13" y="1" startUnitOwner="0" type="Swamp" /><terrain x="13" y="2" startUnitOwner="0" type="Swamp" /><terrain x="13" y="3" startUnitOwner="0" type="Woods" /><terrain x="13" y="4" startUnitOwner="0" type="Desert" /><terrain x="13" y="5" startUnitOwner="0" startFaction="0" type="Base" /><terrain x="13" y="6" startUnit="Raider" startUnitOwner="0" type="Desert" /><terrain x="13" y="7" startUnitOwner="0" type="Desert" /><terrain x="13" y="8" startUnitOwner="0" type="Plains" /><terrain x="13" y="9" startUnitOwner="0" type="Desert" /><terrain x="13" y="10" startUnitOwner="0" type="Desert" /><terrain x="13" y="11" startUnitOwner="0" type="Desert" /><terrain x="13" y="12" startUnitOwner="0" type="Desert" /><terrain x="13" y="13" startUnitOwner="0" type="Water" /><terrain x="13" y="14" startUnitOwner="0" type="Desert" /><terrain x="13" y="15" startUnitOwner="0" type="Desert" /><terrain x="13" y="16" startUnitOwner="0" type="Mountains" /><terrain x="13" y="17" startUnitOwner="0" type="Desert" /><terrain x="13" y="18" startUnitOwner="0" type="Mountains" /><terrain x="13" y="19" startUnitOwner="0" type="Plains" /><terrain x="13" y="20" startUnitOwner="0" type="Mountains" /><terrain x="13" y="21" startUnitOwner="0" type="Mountains" /><terrain x="13" y="22" startUnitOwner="0" type="Mountains" /><terrain x="13" y="23" startUnitOwner="0" type="Water" /><terrain x="13" y="24" startUnitOwner="0" type="Water" /><terrain x="14" y="0" startUnitOwner="0" type="Water" /><terrain x="14" y="1" startUnitOwner="0" type="Woods" /><terrain x="14" y="2" startUnitOwner="0" type="Woods" /><terrain x="14" y="3" startUnitOwner="0" type="Woods" /><terrain x="14" y="4" startUnitOwner="0" type="Plains" /><terrain x="14" y="5" startUnitOwner="0" type="Plains" /><terrain x="14" y="6" startUnitOwner="0" type="Plains" /><terrain x="14" y="7" startUnitOwner="0" type="Plains" /><terrain x="14" y="8" startUnitOwner="0" type="Desert" /><terrain x="14" y="9" startUnitOwner="0" type="Plains" /><terrain x="14" y="10" startUnitOwner="0" type="Mountains" /><terrain x="14" y="11" startUnitOwner="0" type="Desert" /><terrain x="14" y="12" startUnitOwner="0" type="Desert" /><terrain x="14" y="13" startUnitOwner="0" type="Water" /><terrain x="14" y="14" startUnitOwner="0" type="Water" /><terrain x="14" y="15" startUnitOwner="0" type="Base" /><terrain x="14" y="16" startUnitOwner="0" type="Desert" /><terrain x="14" y="17" startUnitOwner="0" type="Plains" /><terrain x="14" y="18" startUnitOwner="0" type="Plains" /><terrain x="14" y="19" startUnitOwner="0" type="Plains" /><terrain x="14" y="20" startUnitOwner="0" type="Plains" /><terrain x="14" y="21" startUnitOwner="0" type="Mountains" /><terrain x="14" y="22" startUnitOwner="0" type="Water" /><terrain x="14" y="23" startUnitOwner="0" type="Woods" /><terrain x="14" y="24" startUnitOwner="0" type="Water" /><terrain x="15" y="1" startUnitOwner="0" type="Water" /><terrain x="15" y="2" startUnitOwner="0" type="Woods" /><terrain x="15" y="3" startUnitOwner="0" type="Woods" /><terrain x="15" y="4" startUnitOwner="0" type="Plains" /><terrain x="15" y="5" startUnitOwner="0" type="Plains" /><terrain x="15" y="6" startUnitOwner="0" type="Plains" /><terrain x="15" y="7" startUnitOwner="0" type="Plains" /><terrain x="15" y="8" startUnitOwner="0" type="Plains" /><terrain x="15" y="9" startUnitOwner="0" type="Plains" /><terrain x="15" y="10" startUnitOwner="0" type="Mountains" /><terrain x="15" y="11" startUnitOwner="0" type="Mountains" /><terrain x="15" y="12" startUnitOwner="0" type="Base" /><terrain x="15" y="13" startUnitOwner="0" type="Desert" /><terrain x="15" y="14" startUnitOwner="0" type="Desert" /><terrain x="15" y="15" startUnitOwner="0" type="Desert" /><terrain x="15" y="16" startUnitOwner="0" type="Mountains" /><terrain x="15" y="17" startUnitOwner="0" type="Plains" /><terrain x="15" y="18" startUnitOwner="0" type="Plains" /><terrain x="15" y="19" startUnitOwner="0" type="Plains" /><terrain x="15" y="20" startUnitOwner="0" type="Plains" /><terrain x="15" y="21" startUnitOwner="0" type="Plains" /><terrain x="15" y="22" startUnitOwner="0" type="Woods" /><terrain x="15" y="23" startUnitOwner="0" type="Woods" /><terrain x="15" y="24" startUnitOwner="0" type="Woods" /><terrain x="16" y="1" startUnitOwner="0" type="Water" /><terrain x="16" y="2" startUnitOwner="0" type="Woods" /><terrain x="16" y="3" startUnitOwner="0" type="Woods" /><terrain x="16" y="4" startUnitOwner="0" type="Plains" /><terrain x="16" y="5" startUnitOwner="0" type="Plains" /><terrain x="16" y="6" startUnitOwner="0" type="Plains" /><terrain x="16" y="7" startUnitOwner="0" type="Plains" /><terrain x="16" y="8" startUnitOwner="0" type="Plains" /><terrain x="16" y="9" startUnitOwner="0" type="Plains" /><terrain x="16" y="10" startUnitOwner="0" type="Plains" /><terrain x="16" y="11" startUnitOwner="0" type="Desert" /><terrain x="16" y="12" startUnitOwner="0" type="Desert" /><terrain x="16" y="13" startUnitOwner="0" type="Desert" /><terrain x="16" y="14" startUnitOwner="0" type="Plains" /><terrain x="16" y="15" startUnitOwner="0" type="Mountains" /><terrain x="16" y="16" startUnitOwner="0" type="Desert" /><terrain x="16" y="17" startUnitOwner="0" type="Plains" /><terrain x="16" y="18" startUnitOwner="0" type="Plains" /><terrain x="16" y="19" startUnitOwner="0" type="Plains" /><terrain x="16" y="20" startUnitOwner="0" type="Plains" /><terrain x="16" y="21" startUnitOwner="0" type="Woods" /><terrain x="16" y="22" startUnitOwner="0" type="Woods" /><terrain x="16" y="23" startUnitOwner="0" type="Woods" /><terrain x="16" y="24" startUnitOwner="0" type="Woods" /><terrain x="17" y="2" startUnitOwner="0" type="Woods" /><terrain x="17" y="3" startUnitOwner="0" type="Woods" /><terrain x="17" y="4" startUnitOwner="0" type="Woods" /><terrain x="17" y="5" startUnitOwner="0" type="Woods" /><terrain x="17" y="6" startUnitOwner="0" type="Woods" /><terrain x="17" y="7" startUnitOwner="0" type="Plains" /><terrain x="17" y="8" startUnitOwner="0" type="Plains" /><terrain x="17" y="9" startUnitOwner="0" type="Plains" /><terrain x="17" y="10" startUnitOwner="0" type="Plains" /><terrain x="17" y="11" startUnitOwner="0" type="Desert" /><terrain x="17" y="12" startUnitOwner="0" type="Mountains" /><terrain x="17" y="13" startUnitOwner="0" type="Desert" /><terrain x="17" y="14" startUnitOwner="0" type="Mountains" /><terrain x="17" y="15" startUnitOwner="0" type="Plains" /><terrain x="17" y="16" startUnitOwner="0" type="Desert" /><terrain x="17" y="17" startUnitOwner="0" type="Desert" /><terrain x="17" y="18" startUnitOwner="0" type="Plains" /><terrain x="17" y="19" startUnitOwner="0" type="Plains" /><terrain x="17" y="20" startUnitOwner="0" type="Plains" /><terrain x="17" y="21" startUnitOwner="0" type="Plains" /><terrain x="17" y="22" startUnitOwner="0" type="Woods" /><terrain x="17" y="23" startUnitOwner="0" type="Woods" /><terrain x="17" y="24" startUnitOwner="0" type="Water" /><terrain x="18" y="4" startUnitOwner="0" type="Woods" /><terrain x="18" y="5" startUnitOwner="0" type="Woods" /><terrain x="18" y="6" startUnitOwner="0" type="Water" /><terrain x="18" y="7" startUnitOwner="0" type="Woods" /><terrain x="18" y="8" startUnitOwner="0" type="Woods" /><terrain x="18" y="9" startUnitOwner="0" type="Mountains" /><terrain x="18" y="10" startUnitOwner="0" type="Desert" /><terrain x="18" y="11" startUnitOwner="0" type="Mountains" /><terrain x="18" y="12" startUnitOwner="0" type="Plains" /><terrain x="18" y="13" startUnitOwner="0" type="Plains" /><terrain x="18" y="14" startUnitOwner="0" type="Plains" /><terrain x="18" y="15" startUnitOwner="0" type="Plains" /><terrain x="18" y="16" startUnitOwner="0" type="Plains" /><terrain x="18" y="17" startUnitOwner="0" type="Plains" /><terrain x="18" y="18" startUnitOwner="0" type="Desert" /><terrain x="18" y="19" startUnit="Raider" startUnitOwner="1" type="Desert" /><terrain x="18" y="20" startUnitOwner="0" type="Plains" /><terrain x="18" y="21" startUnitOwner="0" type="Plains" /><terrain x="18" y="22" startUnitOwner="0" type="Woods" /><terrain x="18" y="23" startUnitOwner="0" type="Woods" /><terrain x="18" y="24" startUnitOwner="0" type="Water" /><terrain x="19" y="5" startUnitOwner="0" type="Water" /><terrain x="19" y="6" startUnitOwner="0" type="Water" /><terrain x="19" y="7" startUnitOwner="0" type="Woods" /><terrain x="19" y="8" startUnitOwner="0" type="Woods" /><terrain x="19" y="9" startUnitOwner="0" type="Swamp" /><terrain x="19" y="10" startUnitOwner="0" type="Desert" /><terrain x="19" y="11" startUnit="Trooper" startUnitOwner="1" type="Mountains" /><terrain x="19" y="12" startUnitOwner="0" type="Plains" /><terrain x="19" y="13" startUnitOwner="0" type="Plains" /><terrain x="19" y="14" startUnitOwner="0" type="Plains" /><terrain x="19" y="15" startUnitOwner="0" type="Plains" /><terrain x="19" y="16" startUnitOwner="0" type="Plains" /><terrain x="19" y="17" startUnitOwner="0" type="Plains" /><terrain x="19" y="18" startUnitOwner="0" type="Plains" /><terrain x="19" y="19" startUnitOwner="0" type="Desert" /><terrain x="19" y="20" startUnitOwner="0" startFaction="1" type="Base" /><terrain x="19" y="21" startUnitOwner="0" type="Plains" /><terrain x="19" y="22" startUnitOwner="0" type="Woods" /><terrain x="19" y="23" startUnitOwner="0" type="Woods" /><terrain x="19" y="24" startUnitOwner="0" type="Woods" /><terrain x="20" y="6" startUnitOwner="0" type="Water" /><terrain x="20" y="7" startUnitOwner="0" type="Water" /><terrain x="20" y="8" startUnitOwner="0" type="Woods" /><terrain x="20" y="9" startUnitOwner="0" type="Mountains" /><terrain x="20" y="10" startUnitOwner="0" type="Mountains" /><terrain x="20" y="11" startUnitOwner="0" type="Woods" /><terrain x="20" y="12" startUnitOwner="0" type="Woods" /><terrain x="20" y="13" startUnitOwner="0" type="Plains" /><terrain x="20" y="14" startUnitOwner="0" type="Plains" /><terrain x="20" y="15" startUnitOwner="0" type="Plains" /><terrain x="20" y="16" startUnitOwner="0" type="Plains" /><terrain x="20" y="17" startUnitOwner="0" type="Plains" /><terrain x="20" y="18" startUnitOwner="0" type="Plains" /><terrain x="20" y="19" startUnitOwner="0" type="Plains" /><terrain x="20" y="20" startUnitOwner="0" type="Desert" /><terrain x="20" y="21" startUnitOwner="0" type="Desert" /><terrain x="20" y="22" startUnitOwner="0" type="Woods" /><terrain x="20" y="23" startUnitOwner="0" type="Woods" /><terrain x="20" y="24" startUnitOwner="0" type="Woods" /><terrain x="21" y="6" startUnitOwner="0" type="Water" /><terrain x="21" y="7" startUnitOwner="0" type="Water" /><terrain x="21" y="8" startUnitOwner="0" type="Water" /><terrain x="21" y="9" startUnitOwner="0" type="Water" /><terrain x="21" y="10" startUnitOwner="0" type="Swamp" /><terrain x="21" y="11" startUnitOwner="0" type="Woods" /><terrain x="21" y="12" startUnitOwner="0" type="Woods" /><terrain x="21" y="13" startUnitOwner="0" type="Woods" /><terrain x="21" y="14" startUnitOwner="0" type="Water" /><terrain x="21" y="15" startUnitOwner="0" type="Woods" /><terrain x="21" y="16" startUnitOwner="0" type="Plains" /><terrain x="21" y="17" startUnitOwner="0" type="Woods" /><terrain x="21" y="18" startUnitOwner="0" type="Woods" /><terrain x="21" y="19" startUnitOwner="0" type="Woods" /><terrain x="21" y="20" startUnitOwner="0" type="Plains" /><terrain x="21" y="21" startUnitOwner="0" type="Swamp" /><terrain x="21" y="22" startUnitOwner="0" type="Swamp" /><terrain x="21" y="23" startUnitOwner="0" type="Water" /><terrain x="21" y="24" startUnitOwner="0" type="Water" /><terrain x="22" y="9" startUnitOwner="0" type="Water" /><terrain x="22" y="10" startUnitOwner="0" type="Water" /><terrain x="22" y="11" startUnitOwner="0" type="Water" /><terrain x="22" y="12" startUnitOwner="0" type="Woods" /><terrain x="22" y="13" startUnitOwner="0" type="Water" /><terrain x="22" y="14" startUnitOwner="0" type="Water" /><terrain x="22" y="15" startUnitOwner="0" type="Water" /><terrain x="22" y="16" startUnitOwner="0" type="Woods" /><terrain x="22" y="17" startUnitOwner="0" type="Woods" /><terrain x="22" y="18" startUnitOwner="0" type="Woods" /><terrain x="22" y="19" startUnitOwner="0" type="Woods" /><terrain x="22" y="20" startUnitOwner="0" type="Plains" /><terrain x="22" y="21" startUnitOwner="0" type="Swamp" /><terrain x="22" y="22" startUnitOwner="0" type="Water" /><terrain x="23" y="10" startUnitOwner="0" type="Water" /><terrain x="23" y="11" startUnitOwner="0" type="Water" /><terrain x="23" y="12" startUnitOwner="0" type="Water" /><terrain x="23" y="14" startUnitOwner="0" type="Water" /><terrain x="23" y="15" startUnitOwner="0" type="Water" /><terrain x="23" y="16" startUnitOwner="0" type="Woods" /><terrain x="23" y="17" startUnitOwner="0" type="Water" /><terrain x="23" y="18" startUnitOwner="0" type="Base" /><terrain x="23" y="19" startUnitOwner="0" type="Woods" /><terrain x="23" y="20" startUnitOwner="0" type="Woods" /><terrain x="23" y="21" startUnitOwner="0" type="Water" /><terrain x="23" y="22" startUnitOwner="0" type="Water" /><terrain x="24" y="16" startUnitOwner="0" type="Water" /><terrain x="24" y="17" startUnitOwner="0" type="Water" /><terrain x="24" y="18" startUnitOwner="0" type="Water" /><terrain x="24" y="20" startUnitOwner="0" type="Water" /></terrains></map>